v1.33,v1.33.5,653685
v1.33,v1.33.6,25148
v1.33,v1.33.4,6512
v1.33,v1.33.3,2538
v1.33,v1.33.0,1166
v1.33,v1.33.1,964
v1.33,v1.33.2,857
v1.33,v1.33.7,700
v1.32,v1.32.9,144339
v1.32,v1.32.10,44398
v1.32,v1.32.8,12901
v1.32,v1.32.1,2957
v1.32,v1.32.3,1365
v1.32,v1.32.2,1860
v1.32,v1.32.5,812
v1.32,v1.32.4,808
v1.32,v1.32.7,1167
v1.32,v1.32.6,1252
v1.32,v1.32.0,461
v1.32,v1.32.11,262
v1.31,v1.31.13,72856
v1.31,v1.31.14,51397
v1.31,v1.31.1,2321
v1.31,v1.31.2,1393
v1.31,v1.31.12,1106
v1.31,v1.31.9,879
v1.31,v1.31.4,700
v1.31,v1.31.6,1069
v1.31,v1.31.11,722
v1.31,v1.31.8,543
v1.31,v1.31.0,506
v1.31,v1.31.10,507
v1.31,v1.31.7,529
v1.31,v1.31.3,412
v1.31,v1.31.5,342
v1.29,v1.29.14,38457
v1.29,v1.29.15,49686
v1.29,v1.29.13,1688
v1.29,v1.29.1,1166
v1.29,v1.29.6,1345
v1.29,v1.29.4,349
v1.29,v1.29.9,361
v1.29,v1.29.5,269
v1.29,v1.29.2,201
v1.29,v1.29.0,312
v1.29,v1.29.3,199
v1.29,v1.29.11,380
v1.29,v1.29.12,157
v1.29,v1.29.10,254
v1.29,v1.29.7,237
v1.29,v1.29.8,210
v1.30,v1.30.14,55959
v1.30,v1.30.4,1451
v1.30,v1.30.1,1296
v1.30,v1.30.0,1375
v1.30,v1.30.7,1131
v1.30,v1.30.10,566
v1.30,v1.30.5,448
v1.30,v1.30.2,516
v1.30,v1.30.3,743
v1.30,v1.30.11,371
v1.30,v1.30.12,355
v1.30,v1.30.13,283
v1.30,v1.30.6,234
v1.30,v1.30.8,170
v1.30,v1.30.9,376
v1.28,v1.28.15,34759
v1.28,v1.28.9,1260
v1.28,v1.28.2,817
v1.28,v1.28.3,1151
v1.28,v1.28.0,337
v1.28,v1.28.4,417
v1.28,v1.28.6,282
v1.28,v1.28.11,241
v1.28,v1.28.13,276
v1.28,v1.28.10,202
v1.28,v1.28.8,164
v1.28,v1.28.12,123
v1.28,v1.28.1,111
v1.28,v1.28.14,95
v1.28,v1.28.7,234
v1.28,v1.28.5,82
v1.34,v1.34.1,56769
v1.34,v1.34.2,5487
v1.34,v1.34.3,776
v1.34,v1.34.0,989
v1.27,v1.27.16,15510
v1.27,v1.27.7,1589
v1.27,v1.27.3,608
v1.27,v1.27.0,192
v1.27,v1.27.10,218
v1.27,v1.27.14,199
v1.27,v1.27.11,159
v1.27,v1.27.4,288
v1.27,v1.27.6,191
v1.27,v1.27.15,147
v1.27,v1.27.13,115
v1.27,v1.27.8,120
v1.27,v1.27.5,117
v1.27,v1.27.1,115
v1.27,v1.27.2,73
v1.27,v1.27.9,31
v1.27,v1.27.12,14
v1.26,v1.26.15,3099
v1.26,v1.26.1,758
v1.26,v1.26.3,556
v1.26,v1.26.2,201
v1.26,v1.26.5,158
v1.26,v1.26.0,125
v1.26,v1.26.4,137
v1.26,v1.26.13,114
v1.26,v1.26.9,90
v1.26,v1.26.6,56
v1.26,v1.26.12,48
v1.26,v1.26.7,31
v1.26,v1.26.10,125
v1.26,v1.26.11,24
v1.26,v1.26.8,25
v1.26,v1.26.14,20
v1.25,v1.25.16,1488
v1.25,v1.25.4,202
v1.25,v1.25.6,161
v1.25,v1.25.14,96
v1.25,v1.25.0,88
v1.25,v1.25.5,63
v1.25,v1.25.7,105
v1.25,v1.25.3,80
v1.25,v1.25.12,47
v1.25,v1.25.10,25
v1.25,v1.25.9,25
v1.25,v1.25.13,24
v1.25,v1.25.11,41
v1.25,v1.25.2,15
v1.25,v1.25.8,37
v1.25,v1.25.15,10
v1.22,v1.22.15,1467
v1.22,v1.22.16,529
v1.22,v1.22.5,556
v1.22,v1.22.6,233
v1.22,v1.22.12,203
v1.22,v1.22.3,280
v1.22,v1.22.17,119
v1.22,v1.22.2,86
v1.22,v1.22.10,138
v1.22,v1.22.4,58
v1.22,v1.22.8,52
v1.22,v1.22.1,28
v1.22,v1.22.9,23
v1.22,v1.22.0,15
v1.16,v1.16.14,843
v1.16,v1.16.9,171
v1.16,v1.16.3,75
v1.16,v1.16.4,57
v1.16,v1.16.15,26
v1.16,v1.16.6,45
v1.16,v1.16.0,16
v1.16,v1.16.2,16
v1.16,v1.16.8,15
v1.16,v1.16.7,12
v1.16,v1.16.10,7
v1.24,v1.24.6,901
v1.24,v1.24.17,749
v1.24,v1.24.8,240
v1.24,v1.24.4,409
v1.24,v1.24.16,184
v1.24,v1.24.2,115
v1.24,v1.24.13,112
v1.24,v1.24.1,88
v1.24,v1.24.3,83
v1.24,v1.24.14,112
v1.24,v1.24.0,62
v1.24,v1.24.12,49
v1.24,v1.24.15,95
v1.24,v1.24.10,23
v1.24,v1.24.9,23
v1.24,v1.24.11,18
v1.24,v1.24.5,20
v1.20,v1.20.6,691
v1.20,v1.20.11,485
v1.20,v1.20.4,211
v1.20,v1.20.15,235
v1.20,v1.20.14,106
v1.20,v1.20.12,87
v1.20,v1.20.7,79
v1.20,v1.20.1,50
v1.20,v1.20.13,38
v1.20,v1.20.10,37
v1.20,v1.20.0,35
v1.20,v1.20.2,35
v1.20,v1.20.5,31
v1.20,v1.20.9,25
v1.20,v1.20.8,6
v1.23,v1.23.10,413
v1.23,v1.23.17,337
v1.23,v1.23.5,260
v1.23,v1.23.14,178
v1.23,v1.23.3,158
v1.23,v1.23.6,136
v1.23,v1.23.0,93
v1.23,v1.23.7,73
v1.23,v1.23.1,71
v1.23,v1.23.15,69
v1.23,v1.23.4,54
v1.23,v1.23.16,40
v1.23,v1.23.8,35
v1.23,v1.23.12,47
v1.23,v1.23.9,22
v1.23,v1.23.13,15
v1.23,v1.23.2,7
v1.18,v1.18.4,779
v1.18,v1.18.20,315
v1.18,v1.18.10,261
v1.18,v1.18.8,260
v1.18,v1.18.0,38
v1.18,v1.18.3,34
v1.18,v1.18.6,32
v1.18,v1.18.2,17
v1.18,v1.18.19,15
v1.18,v1.18.5,13
v1.18,v1.18.12,12
v1.18,v1.18.16,12
v1.18,v1.18.18,10
v1.18,v1.18.15,8
v1.18,v1.18.17,8
v1.18,v1.18.9,7
v0.0,v0.0.0,271
v1.14,v1.14.8,250
v1.14,v1.14.10,90
v1.14,v1.14.1,31
v1.14,v1.14.6,20
v1.14,v1.14.3,16
v1.14,v1.14.0,6
v1.35,v1.35.0,486
v1.21,v1.21.14,187
v1.21,v1.21.5,147
v1.21,v1.21.0,109
v1.21,v1.21.12,95
v1.21,v1.21.6,101
v1.21,v1.21.1,61
v1.21,v1.21.3,45
v1.21,v1.21.2,50
v1.21,v1.21.8,34
v1.21,v1.21.13,44
v1.21,v1.21.4,23
v1.21,v1.21.10,20
v1.21,v1.21.7,31
v1.21,v1.21.11,10
v1.19,v1.19.16,88
v1.19,v1.19.15,75
v1.19,v1.19.13,77
v1.19,v1.19.12,50
v1.19,v1.19.3,44
v1.19,v1.19.4,30
v1.19,v1.19.8,51
v1.19,v1.19.0,32
v1.19,v1.19.2,22
v1.19,v1.19.7,20
v1.19,v1.19.5,18
v1.19,v1.19.9,22
v1.19,v1.19.10,11
v1.19,v1.19.14,8
v0.7,v0.7.2,84
v0.7,v0.7.1,23
v0.7,v0.7.0,9
v1.11,v1.11.0,72
v1.11,v1.11.5,9
v1.36,v1.36.0,89
v1.15,v1.15.5,50
v1.15,v1.15.3,35
v1.15,v1.15.2,24
v1.15,v1.15.12,15
v1.15,v1.15.0,12
v0.4,v0.4.2,48
v0.4,v0.4.1,12
v0.6,v0.6.2,45
v0.6,v0.6.3,32
v0.6,v0.6.1,21
v0.6,v0.6.4,18
v1.2,v1.2.0,28
v1.17,v1.17.3,24
v1.17,v1.17.9,17
v1.17,v1.17.17,22
v1.17,v1.17.2,10
v1.17,v1.17.4,10
v0.5,v0.5.0,19
v0.5,v0.5.2,6
v1.13,v1.13.4,18
v1.13,v1.13.10,7
v0.3,v0.3.6,12
v1.12,v1.12.3,12
v1.12,v1.12.6,23
v1.12,v1.12.4,19
v1.10,v1.10.5,10
v1.9,v1.9.1,9
v0.1,v0.1.9,6
