,2025-01-06,2025-01-11
v0.0,61,57
v0.1,17,17
v0.3,62,58
v0.4,92,93
v0.5,8,9
v0.6,139,153
v0.7,48,51
v1.2,32,33
v1.5,10,10
v1.6,,10
v1.9,11,11
v1.10,27,27
v1.11,181,182
v1.12,47,48
v1.13,50,50
v1.14,455,460
v1.15,239,229
v1.16,1559,1539
v1.17,192,198
v1.18,2580,2554
v1.19,772,759
v1.20,3438,3374
v1.21,1896,1860
v1.22,5168,5204
v1.23,4729,4749
v1.24,61740,64761
v1.25,39339,40530
v1.26,40583,40840
v1.27,72498,74752
v1.28,89214,86152
v1.29,253779,263757
v1.30,921346,958086
v1.31,182371,201242
v1.32,12101,15931
v1.33,237,156
